page,release_date,title,release_document_id,dt,group
10,24 June 2026,BULLETIN OF DOMESTIC TOURISM SURVEY 2026,19838.0,2026-06-24,
10,16 June 2026,DOMESTIC TOURISM SURVEY 2025,19783.0,2026-06-16,
21,17 March 2026,Bulletin Domestic Tourism Survey Q4 2025,17778.0,2026-03-17,
34,18 December 2025,Performance of Domestic Tourism in Third Quarter 2025,17756.0,2025-12-18,
37,16 December 2025,Regional Tourism Satellite Account Sabah 2024,17173.0,2025-12-16,
51,18 September 2025,Domestic Tourism Survey 2024 Perak,15996.0,2025-09-18,
51,18 September 2025,Domestic Tourism Survey 2024 W. P. Kuala Lumpur,16002.0,2025-09-18,
51,18 September 2025,Domestic Tourism Survey 2024 Pulau Pinang,15995.0,2025-09-18,
51,18 September 2025,Domestic Tourism Survey 2024 Pahang,15993.0,2025-09-18,
51,18 September 2025,Domestic Tourism Survey 2024 Negeri Sembilan,15989.0,2025-09-18,
51,18 September 2025,Domestic Tourism Survey 2024 Kelantan,15987.0,2025-09-18,
51,18 September 2025,Domestic Tourism Survey 2024 Kedah,15986.0,2025-09-18,
51,18 September 2025,Domestic Tourism Survey 2024 Johor,15985.0,2025-09-18,
52,18 September 2025,Domestic Tourism Survey 2024 Selangor,15998.0,2025-09-18,
52,18 September 2025,Domestic Tourism Survey 2024 Perlis,15997.0,2025-09-18,
52,18 September 2025,Performance of Domestic Tourism in Second Quarter 2025,16024.0,2025-09-18,
52,18 September 2025,Domestic Tourism Survey 2024 W. P. Putrajaya,16005.0,2025-09-18,
52,18 September 2025,Domestic Tourism Survey 2024 W. P. Labuan,16003.0,2025-09-18,
52,18 September 2025,Domestic Tourism Survey 2024 Sabah,16000.0,2025-09-18,
52,18 September 2025,Domestic Tourism Survey 2024 Sarawak,16001.0,2025-09-18,
52,18 September 2025,Domestic Tourism Survey 2024 Terengganu,15999.0,2025-09-18,
53,12 September 2025,Tourism Satellite Account 2024,15861.0,2025-09-12,
86,18 December 2024,Regional Tourism Satellite Account Sabah 2023,12718.0,2024-12-18,
98,20 September 2024,Domestic Tourism Survey 2023 W.P. Putrajaya,11217.0,2024-09-20,
98,20 September 2024,Domestic Tourism Survey 2023 Melaka,11246.0,2024-09-20,
98,20 September 2024,Domestic Tourism Survey 2023 Perlis,11248.0,2024-09-20,
98,20 September 2024,Domestic Tourism Survey 2023 Pahang,11249.0,2024-09-20,
99,20 September 2024,Domestic Tourism Survey 2023 W.P. Kuala Lumpur,11215.0,2024-09-20,
99,20 September 2024,Domestic Tourism Survey 2023 W.P. Labuan,11216.0,2024-09-20,
99,20 September 2024,Domestic Tourism Survey 2023 Negeri Sembilan,11268.0,2024-09-20,
99,20 September 2024,Domestic Tourism Survey 2023 Perak,11253.0,2024-09-20,
99,20 September 2024,Domestic Tourism Survey 2023 Kelantan,11258.0,2024-09-20,
99,20 September 2024,Domestic Tourism Survey 2023 Pulau Pinang,11269.0,2024-09-20,
100,12 September 2024,Tourism Satellite Account 2023,11181.0,2024-09-12,
113,12 June 2024,BULLETIN OF MALAYSIA'S DOMESTIC TOURISM SURVEY FOR FIRST QUARTER 2024,9622.0,2024-06-12,
121,26 March 2024,BULLETIN OF DOMESTIC TOURISM SURVEY FOR FOURTH QUARTER 2023,8776.0,2024-03-26,
129,21 December 2023,Regional Tourism Satellite Account (RTSA) Sabah 2022,7758.0,2023-12-21,
129,19 December 2023,"BULLETIN MALAYSIA""S DOMESTIC TOURISM SURVEY THIRD QUARTER 2023",7752.0,2023-12-19,
143,20 September 2023,Tourism Satellite Account 2022,6121.0,2023-09-20,
143,15 September 2023,"Domestic Tourism Survey Selangor, 2022",6054.0,2023-09-15,
143,15 September 2023,"Domestic Tourism Survey Perlis, 2022",6052.0,2023-09-15,
143,15 September 2023,"Domestic Tourism Survey Perak, 2022",6051.0,2023-09-15,
143,15 September 2023,"Domestic Tourism Survey Pulau Pinang, 2022",6050.0,2023-09-15,
143,15 September 2023,"Domestic Tourism Survey Pahang, 2022",6049.0,2023-09-15,
143,15 September 2023,"Domestic Tourism Survey Kedah, 2022",6045.0,2023-09-15,
143,15 September 2023,"Domestic Tourism Survey Melaka, 2022",6047.0,2023-09-15,
144,15 September 2023,"Domestic Tourism Survey W.P Labuan, 2022",6060.0,2023-09-15,
144,15 September 2023,"Domestic Tourism Survey Terengganu, 2022",6055.0,2023-09-15,
144,15 September 2023,"Domestic Tourism Survey Sarawak, 2022",6057.0,2023-09-15,
144,15 September 2023,"Domestic Tourism Survey Sabah, 2022",6056.0,2023-09-15,
144,15 September 2023,"Domestic Tourism Survey W. P Kuala Lumpur, 2022",6058.0,2023-09-15,
157,26 June 2023,PUBLICATION ON DOMESTIC TOURISM MALAYSIA 2022,4886.0,2023-06-26,
105,13 August 2024,Publication Economic Cencus 2023 Accommodation Services,10623.0,2024-08-13,
168,1 March 2023,ANNUAL ECONOMIC STATISTICS 2022 ACCOMMODATION SERVICES,640.0,2023-03-01,
32,23 December 2025,Agriculture Census 2024 Report: Captured Fisheries,17965.0,2025-12-23,
68,29 May 2025,"Unveiling Malaysia's Agricultural Value Chain from Upstream to Downstream, Fisheries",14477.0,2025-05-29,
70,29 May 2025,Agriculture Census 2024 Interim Report: Captured Fisheries,14514.0,2025-05-29,
28,31 December 2025,"Publication Environment Statistics, Kelantan 2025",18155.0,2025-12-31,
28,31 December 2025,"Publication Environment Statistics, Terengganu 2025",18233.0,2025-12-31,
28,31 December 2025,"Publication Environment Statistics, Perak 2025",18230.0,2025-12-31,
28,31 December 2025,"Publication Environment Statistics, Perlis 2025",18231.0,2025-12-31,
28,31 December 2025,"Publication Environment Statistics, Selangor 2025",18232.0,2025-12-31,
28,31 December 2025,"Publication Environment Statistics, Sarawak 2025",18261.0,2025-12-31,
28,31 December 2025,"Publication Environment Statistics, Wilayah Persekutuan 2025",18262.0,2025-12-31,
29,31 December 2025,"Publication Environment Statistics, Pahang 2025",18228.0,2025-12-31,
29,31 December 2025,"Publication Environment Statistics, Kedah 2025",18154.0,2025-12-31,
29,31 December 2025,"Publication Environment Statistics, Pulau Pinang 2025",18229.0,2025-12-31,
29,31 December 2025,"Publication Environment Statistics, Negeri Sembilan 2025",18227.0,2025-12-31,
29,31 December 2025,"Publication Environment Statistics, Melaka 2025",18156.0,2025-12-31,
29,30 December 2025,"Compendium of Environment Statistics, Malaysia",18503.0,2025-12-30,
37,15 December 2025,ECONOMIC CENSUS 2023 - ENVIRONMENTAL PROTECTION EXPENDITURE,17140.0,2025-12-15,
107,5 August 2024,"PUBLICATION BE2023_WATER SUPPLY -SEWERAGE, WASTE MANAGEMENT AND REMEDIATION ACTIVITIES",10406.0,2024-08-05,
130,15 December 2023,"Environment Statistics, Kedah, 2023",7692.0,2023-12-15,
130,15 December 2023,"Environment Statistics, Kelantan, 2023",7693.0,2023-12-15,
130,15 December 2023,"Environment Statistics, Melaka, 2023",7694.0,2023-12-15,
130,15 December 2023,"Environment Statistics, Negeri Sembilan, 2023",7695.0,2023-12-15,
130,15 December 2023,"Environment Statistics, Pahang, 2023",7696.0,2023-12-15,
130,15 December 2023,"Environment Statistics, Perak, 2023",7697.0,2023-12-15,
130,15 December 2023,"Environment Statistics, Perlis, 2023",7698.0,2023-12-15,
130,15 December 2023,"Environment Statistics, Pulau Pinang, 2023",7699.0,2023-12-15,
130,15 December 2023,"Environment Statistics, Sabah, 2023",7700.0,2023-12-15,
136,24 November 2023,"Compendium of Environment Statistics (CES), Malaysia, 2023",7112.0,2023-11-24,
158,21 June 2023,Annual Economic Survey 2022 - Environmental Protection Expenditure,4802.0,2023-06-21,
169,28 February 2023,"Annual Economic Statistics 2022 Water Supply; Sewerage, Waste Management & Remediation Activities",2704.0,2023-02-28,
175,15 December 2022,"Environment Statistics, Johor, 2022",96.0,2022-12-15,
175,15 December 2022,"Environment Statistics, Kedah, 2022",97.0,2022-12-15,
175,15 December 2022,"Environment Statistics, Kelantan, 2022",98.0,2022-12-15,
175,15 December 2022,"Environment Statistics, Melaka, 2022",115.0,2022-12-15,
175,15 December 2022,"Environment Statistics, Negeri Sembilan, 2022",116.0,2022-12-15,
175,15 December 2022,"Environment Statistics, Pahang, 2022",117.0,2022-12-15,
175,15 December 2022,"Environment Statistics, Perak, 2022",118.0,2022-12-15,
175,15 December 2022,"Environment Statistics, Perlis, 2022",124.0,2022-12-15,
176,15 December 2022,"Environment Statistics, Pulau Pinang, 2022",125.0,2022-12-15,
176,15 December 2022,"Environment Statistics, Sabah, 2022",126.0,2022-12-15,
176,15 December 2022,"Environment Statistics, Sarawak, 2022",127.0,2022-12-15,
176,15 December 2022,"Environment Statistics, Selangor, 2022",128.0,2022-12-15,
176,15 December 2022,"Environment Statistics, Terengganu, 2022",129.0,2022-12-15,
176,15 December 2022,"Environment Statistics, Wilayah Persekutuan, 2022",130.0,2022-12-15,
4,31 July 2026,"Current Population Estimates, Malaysia, 2026",20425.0,2026-07-31,
43,28 October 2025,Business Demography Malaysia 2024,18740.0,2025-10-28,
44,16 October 2025,"Vital Statistics, Malaysia, 2025",18540.0,2025-10-16,
44,14 October 2025,SPECIAL REPORT ON THE DEMOGRAPHICS OF ORANG ASLI,18239.0,2025-10-14,
48,2 October 2025,"Current Population Estimates, Administrative Distric, 2025",16399.0,2025-10-02,
60,31 July 2025,"Current Population Estimates, Malaysia, 2025",15648.0,2025-07-31,
63,11 July 2025,"Population Projections, Malaysia, 2020-2060",15052.0,2025-07-11,
95,28 October 2024,BUSINESS DEMOGRAPHY 2022,11678.0,2024-10-28,
96,17 October 2024,"Publication Vital Statistics, Malaysia, 2024",11587.0,2024-10-17,
101,30 August 2024,"Current Population Estimates, Administrative District, 2024 - Negeri Sembilan",11029.0,2024-08-30,
101,30 August 2024,"Current Population Estimates, Administrative District, 2024 - Pahang",11027.0,2024-08-30,
101,30 August 2024,"Current Population Estimates, Administrative District, 2024 - Selangor",11030.0,2024-08-30,
102,30 August 2024,"Current Population Estimates, Administrative District, 2024 - Kedah",11028.0,2024-08-30,
102,30 August 2024,"Current Population Estimates, Administrative District, 2024 - Kelantan",11033.0,2024-08-30,
102,30 August 2024,"Current Population Estimates, Administrative District, 2024 - Terengganu",11044.0,2024-08-30,
102,30 August 2024,"Current Population Estimates, Administrative District, 2024 - Johor",11017.0,2024-08-30,
102,30 August 2024,"Current Population Estimates, Administrative District, 2024 - Melaka",11040.0,2024-08-30,
109,31 July 2024,"Current Population Estimates, Malaysia, 2024",9889.0,2024-07-31,
140,17 October 2023,"Vital Statistics, Malaysia, 2023",6475.0,2023-10-17,
142,21 September 2023,MyCensus 2020: Population well-being (Social Relations),6150.0,2023-09-21,
146,29 August 2023,Current Population Estimates by Adminstrative District,6827.0,2023-08-29,
151,31 July 2023,"Current Population Estimates, Malaysia, 2023",6456.0,2023-07-31,
158,26 June 2023,MyCensus 2020: Population Well Being (Fitness),4887.0,2023-06-26,
167,8 March 2023,Key Findings Population and Housing Census of Malaysia 2020: Local Authority Area,2794.0,2023-03-08,
24,20 February 2026,Multidimensional Poverty Malaysia 2024,17039.0,2026-02-20,
45,8 October 2025,LAPORAN SURVEI PERBELANJAAN ISI RUMAH 2024 PULAU PINANG,17273.0,2025-10-08,
45,8 October 2025,LAPORAN SURVEI PENDAPATAN ISI RUMAH 2024 MELAKA,17405.0,2025-10-08,
45,8 October 2025,LAPORAN SURVEI PENDAPATAN ISI RUMAH 2024 PERLIS,17409.0,2025-10-08,
45,8 October 2025,LAPORAN SURVEI PENDAPATAN ISI RUMAH 2024 PERAK,17408.0,2025-10-08,
45,8 October 2025,LAPORAN SURVEI PENDAPATAN ISI RUMAH 2024 PAHANG,17407.0,2025-10-08,
45,8 October 2025,LAPORAN SURVEI PENDAPATAN ISI RUMAH 2024 NEGERI SEMBILAN,17406.0,2025-10-08,
45,8 October 2025,LAPORAN SURVEI PENDAPATAN ISI RUMAH 2024 KEDAH,17401.0,2025-10-08,
46,8 October 2025,LAPORAN SURVEI PENDAPATAN ISI RUMAH 2024 TERENGGANU,17422.0,2025-10-08,
46,8 October 2025,Laporan_Kemiskinan_di_Malaysia_2024,18011.0,2025-10-08,
46,8 October 2025,LAPORAN SURVEI PENDAPATAN ISI RUMAH 2024 WILAYAH PERSEKUTUAN,17423.0,2025-10-08,
46,8 October 2025,LAPORAN SURVEI PENDAPATAN ISI RUMAH 2024 SARAWAK,17417.0,2025-10-08,
46,8 October 2025,LAPORAN SURVEI PENDAPATAN ISI RUMAH 2024 SABAH,17415.0,2025-10-08,
46,8 October 2025,LAPORAN SURVEI PERBELANJAAN ISI RUMAH 2024 JOHOR,17249.0,2025-10-08,
47,8 October 2025,LAPORAN SURVEI PENDAPATAN ISI RUMAH 2024 JOHOR,17400.0,2025-10-08,
47,8 October 2025,LAPORAN SURVEI PERBELANJAAN ISI RUMAH 2024 KEDAH,17253.0,2025-10-08,
47,8 October 2025,LAPORAN SURVEI PERBELANJAAN ISI RUMAH 2024 KELANTAN,17257.0,2025-10-08,
47,8 October 2025,LAPORAN SURVEI PERBELANJAAN ISI RUMAH 2024 MELAKA,17260.0,2025-10-08,
47,8 October 2025,LAPORAN SURVEI PERBELANJAAN ISI RUMAH 2024 NEGERI SEMBILAN,17263.0,2025-10-08,
47,8 October 2025,LAPORAN SURVEI PERBELANJAAN ISI RUMAH 2024 PAHANG,17264.0,2025-10-08,
47,8 October 2025,LAPORAN SURVEI PERBELANJAAN ISI RUMAH 2024 PERAK,17269.0,2025-10-08,
47,8 October 2025,LAPORAN SURVEI PERBELANJAAN ISI RUMAH 2024 PERLIS,17272.0,2025-10-08,
47,8 October 2025,LAPORAN SURVEI PENDAPATAN ISI RUMAH 2024 MALAYSIA,17397.0,2025-10-08,
48,8 October 2025,LAPORAN SURVEI PERBELANJAAN ISI RUMAH 2024 SARAWAK,17277.0,2025-10-08,
48,8 October 2025,LAPORAN SURVEI PERBELANJAAN ISI RUMAH 2024 SELANGOR,17278.0,2025-10-08,
48,8 October 2025,LAPORAN SURVEI PERBELANJAAN ISI RUMAH 2024 TERENGGANU,17279.0,2025-10-08,
48,8 October 2025,LAPORAN SURVEI PERBELANJAAN ISI RUMAH 2024 WILAYAH PERSEKUTUAN,17280.0,2025-10-08,
48,8 October 2025,LAPORAN SURVEI PERBELANJAAN ISI RUMAH 2024 MALAYSIA,17247.0,2025-10-08,
152,28 July 2023,Highlights of Income Expenditure Poverty Inequality,5525.0,2023-07-28,
154,28 July 2023,Poverty in Malaysia 2022,5246.0,2023-07-28,
1,13 August 2026,"Employment Statistics, Q2 2026",20688.0,2026-08-13,
2,11 August 2026,"Labour Force Survey Report, Second Quarter 2026",20538.0,2026-08-11,
2,11 August 2026,"LABOUR FORCE STATISTICS, JUNE 2026",20586.0,2026-08-11,
5,29 July 2026,"Employee Wages Statistics (Formal Sector), First Quarter 2026",20383.0,2026-07-29,
6,10 July 2026,"LABOUR FORCE STATISTICS, MAY 2026",20199.0,2026-07-10,
10,26 June 2026,LABOUR FORCE SURVEY 2025,19925.0,2026-06-26,
11,11 June 2026,"LABOUR FORCE STATISTICS, APRIL 2026",19732.0,2026-06-11,
15,14 May 2026,"Employment Statistics, First Quarter 2026",19402.0,2026-05-14,
15,12 May 2026,"Labour Force Survey Report, First Quarter 2026",19347.0,2026-05-12,
15,12 May 2026,"LABOUR FORCE STATISTICS, MARCH 2026",19345.0,2026-05-12,
17,29 April 2026,"Employee Wages Statistics (Formal Sector), Fourth Quarter 2025",19169.0,2026-04-29,
20,10 April 2026,"LABOUR FORCE STATISTICS, FEBRUARY 2026",18856.0,2026-04-10,
22,11 March 2026,"Labour Force Statistics, January 2026",17190.0,2026-03-11,
24,12 February 2026,"Employment Statistics, Fourth Quarter 2025",16927.0,2026-02-12,
26,27 January 2026,"Employee Wages Statistics (Formal Sector), Third Quarter 2025",16695.0,2026-01-27,
27,9 January 2026,"LABOUR FORCE MALAYSIA, NOVEMBER 2025",16484.0,2026-01-09,
32,23 December 2025,Agriculture Census 2024 Report: Employment,17971.0,2025-12-23,
37,10 December 2025,"LABOUR FORCE MALAYSIA, OCTOBER 2025",16901.0,2025-12-10,
40,13 November 2025,"Employment Statistics, Q3 2025",17617.0,2025-11-13,
41,10 November 2025,"LABOUR FORCE MALAYSIA, SEPTEMBER 2025",17479.0,2025-11-10,
42,10 November 2025,"Principal Statistics of Labour Force, Malaysia, Third Quarter 2025",17491.0,2025-11-10,
43,27 October 2025,"Employee Wages Statistics (Formal Sector), Second Quarter 2025",18675.0,2025-10-27,
44,10 October 2025,"LABOUR FORCE MALAYSIA, AUGUST 2025",18192.0,2025-10-10,
50,29 September 2025,Salaries and Wages Survey Report 2024,16249.0,2025-09-29,
55,10 September 2025,"LABOUR FORCE MALAYSIA, JULY 2025",15849.0,2025-09-10,
57,14 August 2025,"Employment Statistics, Q2 2025",15580.0,2025-08-14,
58,11 August 2025,"Principal Statistics of Labour Force, Malaysia, Second Quarter 2025",15537.0,2025-08-11,
58,11 August 2025,"LABOUR FORCE MALAYSIA, JUNE 2025",15535.0,2025-08-11,
61,28 July 2025,"Employee Wages Statistics (Formal Sector), First Quarter 2025",15265.0,2025-07-28,
63,10 July 2025,"LABOUR FORCE MALAYSIA, MAY 2025",15041.0,2025-07-10,
64,30 June 2025,LABOUR FORCE SURVEY 2024,14903.0,2025-06-30,
66,19 June 2025,Economic Census 2023: Employment and Salaries & Wages Statistics,14727.0,2025-06-19,
67,11 June 2025,"Labour Force Statistics, April 2025",14606.0,2025-06-11,
69,29 May 2025,"Unveiling Malaysia's Agricultural Value Chain from Upstream to Downstream, Labour Force and Salaries & Wages",14465.0,2025-05-29,
70,29 May 2025,Agriculture Census 2024 Interim Report: Employment,14846.0,2025-05-29,
73,15 May 2025,"Employment Statistics, Q1 2025",14257.0,2025-05-15,
77,11 April 2025,"Labour Force Statistics, February 2025",13852.0,2025-04-11,
79,11 March 2025,"Labour Force Statistics, January 2025",13599.0,2025-03-11,
81,13 February 2025,"Employment Statistics, Q4 2024",13358.0,2025-02-13,
82,10 February 2025,"Labour Force Statistics, December 2024",13249.0,2025-02-10,
82,10 February 2025,"Principal Statistics of Labour Force, Malaysia, Fourth Quarter 2024",13257.0,2025-02-10,
83,27 January 2025,"Employee Wages Statistics (Formal Sector), Third Quarter 2024",13133.0,2025-01-27,
84,10 January 2025,"Labour Force Statistics, November 2024",12991.0,2025-01-10,
87,10 December 2024,Salaries and Wages Survey Report 2023,12615.0,2024-12-10,
88,9 December 2024,"LABOUR FORCE MALAYSIA, OCTOBER 2024",12550.0,2024-12-09,
92,14 November 2024,"Employment Statistics, Q3 2024",12042.0,2024-11-14,
93,8 November 2024,"LABOUR FORCE MALAYSIA, SEPTEMBER 2024",11947.0,2024-11-08,
93,8 November 2024,"Principal Statistics of Labour Force, Malaysia, Third Quarter 2024",11963.0,2024-11-08,
95,25 October 2024,"Employee Wages Statistics (Formal Sector) Report, Second Quarter 2024",11672.0,2024-10-25,
97,10 October 2024,"LABOUR FORCE MALAYSIA, AUG 2024",11481.0,2024-10-10,
101,9 September 2024,"LABOUR FORCE MALAYSIA, JULY 2024",11094.0,2024-09-09,
105,14 August 2024,"Employment Statistics, Second Quarter 2024",10682.0,2024-08-14,
106,9 August 2024,"LABOUR FORCE MALAYSIA, JUNE 2024",10495.0,2024-08-09,
106,9 August 2024,"Principal Statistics of Labour Force, Malaysia, Second Quarter 2024",10510.0,2024-08-09,
109,30 July 2024,"LABOUR FORCE SURVEY, MALAYSIA 2023",10246.0,2024-07-30,
110,26 July 2024,Employee Wages Statistics (Formal Sector) First Quarter 2024,10048.0,2024-07-26,
112,10 July 2024,"LABOUR FORCE MALAYSIA, MAY 2024",9808.0,2024-07-10,
114,10 June 2024,"LABOUR FORCE MALAYSIA, APRIL 2024",9543.0,2024-06-10,
115,31 May 2024,"Employees Wages Statistics (Formal Sector) Report, Fourth Quarter 2023",9524.0,2024-05-31,
117,15 May 2024,"Employment Statistics, Q1 2024",9250.0,2024-05-15,
117,10 May 2024,"Labour Force Survey Report, Malaysia, First Quarter 2024",9192.0,2024-05-10,
117,10 May 2024,"LABOUR FORCE MALAYSIA, MARCH 2024",9174.0,2024-05-10,
119,8 April 2024,"LABOUR FORCE MALAYSIA, FEBRUARY 2024",8880.0,2024-04-08,
124,15 February 2024,"Employment Statistics, Q4 2023",8302.0,2024-02-15,
125,9 February 2024,"LABOUR FORCE MALAYSIA, DECEMBER 2023",8200.0,2024-02-09,
125,9 February 2024,"Principal Statistics of Labour Force, Malaysia, Fourth Quarter 2023",8227.0,2024-02-09,
127,24 January 2024,"Employee Wages Statistics (Formal Sector) Report, Third Quarter 2023",8021.0,2024-01-24,
128,10 January 2024,"LABOUR FORCE STATISTICS, NOVEMBER 2023",7868.0,2024-01-10,
131,14 December 2023,"Annual Economic Statistics, Employment and Salaries & Wages Statistics",7626.0,2023-12-14,
132,8 December 2023,"LABOUR FORCE MALAYSIA, OCTOBER 2023",7487.0,2023-12-08,
135,30 November 2023,"Employee Wages Statistics (Formal Sector) Report, Second Quarter 2023",7708.0,2023-11-30,
137,10 November 2023,"Employment Statistics, Q3 2023",7160.0,2023-11-10,
137,8 November 2023,"LABOUR FORCE MALAYSIA, SEPTEMBER 2022",6797.0,2023-11-08,
138,8 November 2023,"Quarterly Principal Statistics of Labour Force, Malaysia",6792.0,2023-11-08,
141,10 October 2023,"LABOUR FORCE MALAYSIA, AUGUST 2023",6394.0,2023-10-10,
142,27 September 2023,"Salaries & Wages Survey Report, Malaysia, 2022",6264.0,2023-09-27,
145,8 September 2023,"LABOUR FORCE MALAYSIA, JULY 2023",5994.0,2023-09-08,
147,14 August 2023,"Employment Statistics, Q2 2023",5634.0,2023-08-14,
148,10 August 2023,"LABOUR FORCE MALAYSIA, SECOND QUARTER 2023",5618.0,2023-08-10,
148,10 August 2023,"LABOUR FORCE MALAYSIA, JUNE 2023",5613.0,2023-08-10,
151,4 August 2023,"Employee Wages Statistics (Formal Sector) Report, First Quarter 2023",7707.0,2023-08-04,
151,31 July 2023,LABOUR FORCE STATISTICS 2022,5279.0,2023-07-31,
157,10 July 2023,"LABOUR FORCE MALAYSIA, MAY 2023",4979.0,2023-07-10,
159,9 June 2023,"LABOUR FORCE MALAYSIA, APRIL 2023",4648.0,2023-06-09,
161,11 May 2023,"LABOUR FORCE MALAYSIA, MARCH 2023",4355.0,2023-05-11,
162,11 May 2023,"LABOUR FORCE MALAYSIA, FIRST QUARTER 2023",4389.0,2023-05-11,
162,11 May 2023,"Employment Statistics, First Quarter 2023",4404.0,2023-05-11,
164,10 April 2023,"LABOUR FORCE MALAYSIA, FEBRUARY 2023",2784.0,2023-04-10,
167,9 March 2023,"LABOUR FORCE MALAYSIA, JANUARY 2023",933.0,2023-03-09,
167,8 March 2023,"LABOUR FORCE MALAYSIA, JANUARY 2023",923.0,2023-03-08,
171,9 February 2023,"LABOUR FORCE MALAYSIA, DECEMBER 2022",419.0,2023-02-09,
171,9 February 2023,"Employment Statistics, Q4 2022",428.0,2023-02-09,
171,9 February 2023,"LABOUR FORCE MALAYSIA, FOURTH QUARTER 2022",442.0,2023-02-09,
173,10 January 2023,"LABOUR FORCE MALAYSIA, NOVEMBER 2022",215.0,2023-01-10,
176,9 December 2022,"LABOUR FORCE MALAYSIA, OCTOBER 2022",54.0,2022-12-09,
34,17 December 2025,"Sustainable Development Goals (SDG) Indicators, 2024 - WP Putrajaya",17387.0,2025-12-17,
34,17 December 2025,"Sustainable Development Goals (SDG) Indicators, Malaysia, 2024 - Executive Summary",17238.0,2025-12-17,
35,17 December 2025,"Sustainable Development Goals (SDG) Indicators, 2024 - WP Labuan",17386.0,2025-12-17,
35,17 December 2025,"Sustainable Development Goals (SDG) Indicators, 2024 - WP Kuala Lumpur",17382.0,2025-12-17,
35,17 December 2025,"Sustainable Development Goals (SDG) Indicators, 2024 - Sarawak",17380.0,2025-12-17,
35,17 December 2025,"Sustainable Development Goals (SDG) Indicators, 2024 - Pulau Pinang",17361.0,2025-12-17,
35,17 December 2025,"Sustainable Development Goals (SDG) Indicators, 2024 - Kedah",17346.0,2025-12-17,
35,17 December 2025,"Sustainable Development Goals (SDG) Indicators, 2024 - Kelantan",17348.0,2025-12-17,
35,17 December 2025,"Sustainable Development Goals (SDG) Indicators, 2024 - Melaka",17354.0,2025-12-17,
35,17 December 2025,"Sustainable Development Goals (SDG) Indicators, 2024 - Negeri Sembilan",17355.0,2025-12-17,
35,17 December 2025,"Sustainable Development Goals (SDG) Indicators, 2024 - Pahang",17360.0,2025-12-17,
35,17 December 2025,"Sustainable Development Goals (SDG) Indicators, 2024 - Perlis",17372.0,2025-12-17,
36,17 December 2025,"Sustainable Development Goals (SDG) Indicators, Malaysia, 2024 - Prosperity",17255.0,2025-12-17,
36,17 December 2025,"Sustainable Development Goals (SDG) Indicators, 2024 - Johor",17258.0,2025-12-17,
36,17 December 2025,"Sustainable Development Goals (SDG) Indicators, Malaysia, 2024 - Planet",17246.0,2025-12-17,
36,17 December 2025,"Sustainable Development Goals (SDG) Indicators, Malaysia, 2024 - Peace and Partnership",17252.0,2025-12-17,
36,17 December 2025,"Sustainable Development Goals (SDG) Indicators, Malaysia, 2024 - People",17239.0,2025-12-17,
88,5 December 2024,Sustainable Development Goals (SDG) Indicators Malaysia 2023_Peace and Partnership,12521.0,2024-12-05,
88,5 December 2024,Sustainable Development Goals (SDG) Indicators Pahang 2023,12528.0,2024-12-05,
88,5 December 2024,Sustainable Development Goals (SDG) Indicators Melaka 2023,12526.0,2024-12-05,
88,5 December 2024,Sustainable Development Goals (SDG) Indicators Kelantan 2023,12524.0,2024-12-05,
88,5 December 2024,Sustainable Development Goals (SDG) Indicators Kedah 2023,12523.0,2024-12-05,
88,5 December 2024,Sustainable Development Goals (SDG) Indicators Johor 2023,12522.0,2024-12-05,
88,5 December 2024,Sustainable Development Goals (SDG) Indicators Malaysia 2023_Prosperity,12519.0,2024-12-05,
88,5 December 2024,Sustainable Development Goals (SDG) Indicators Malaysia 2023_Executive Summary,12517.0,2024-12-05,
89,5 December 2024,Sustainable Development Goals (SDG) Indicators Pulau Pinang 2023,12529.0,2024-12-05,
89,5 December 2024,Sustainable Development Goals (SDG) Indicators W.P Putrajaya 2023,12539.0,2024-12-05,
89,5 December 2024,Sustainable Development Goals (SDG) Indicators W.P. Labuan 2023,12538.0,2024-12-05,
89,5 December 2024,Sustainable Development Goals (SDG) Indicators W.P Kuala Lumpur 2023,12537.0,2024-12-05,
89,5 December 2024,Sustainable Development Goals (SDG) Indicators Sarawak 2023,12536.0,2024-12-05,
89,5 December 2024,Sustainable Development Goals (SDG) Indicators Sabah 2023,12535.0,2024-12-05,
89,5 December 2024,Sustainable Development Goals (SDG) Indicators Selangor 2023,12532.0,2024-12-05,
90,5 December 2024,Sustainable Development Goals (SDG) Indicators Perlis 2023,12531.0,2024-12-05,
90,5 December 2024,Sustainable Development Goals (SDG) Indicators Perak 2023,12530.0,2024-12-05,
90,5 December 2024,Sustainable Development Goals (SDG) Indicators Terengganu 2023,12533.0,2024-12-05,
132,7 December 2023,SDG Indicators Malaysia 2022 (Planet),7424.0,2023-12-07,
133,7 December 2023,"SDG Indicator Pahang, 2022",7449.0,2023-12-07,
133,7 December 2023,"SDG Indicator Negeri Sembilan, 2022",7448.0,2023-12-07,
133,7 December 2023,"SDG Indicator Melaka, 2022",7447.0,2023-12-07,
133,7 December 2023,"SDG Indicator Kelantan, 2022",7446.0,2023-12-07,
133,7 December 2023,"SDG Indicator Kedah, 2022",7445.0,2023-12-07,
133,7 December 2023,SDG Indicators Malaysia 2022 (Prosperity),7423.0,2023-12-07,
133,7 December 2023,SDG Indicators Malaysia 2022 (Executive Summary),7420.0,2023-12-07,
133,7 December 2023,SDG Indicators Malaysia 2022 (People),7422.0,2023-12-07,
133,7 December 2023,"SDG Indicator Johor, 2022",7444.0,2023-12-07,
133,7 December 2023,SDG Indicators Malaysia 2022 (Peace & Partnership),7425.0,2023-12-07,
134,7 December 2023,"SDG Indicator Perlis, 2022",7451.0,2023-12-07,
134,7 December 2023,"SDG Indicator Perak, 2022",7450.0,2023-12-07,
134,7 December 2023,"SDG Indicator W.P. Putrajaya, 2022",7460.0,2023-12-07,
134,7 December 2023,"SDG Indicator W.P. Labuan, 2022",7459.0,2023-12-07,
134,7 December 2023,"SDG Indicator W.P. Kuala Lumpur, 2022",7458.0,2023-12-07,
134,7 December 2023,"SDG Indicator Terengganu, 2022",7457.0,2023-12-07,
134,7 December 2023,"SDG Indicator Sabah, 2022",7453.0,2023-12-07,
134,7 December 2023,"SDG Indicator Selangor, 2022",7456.0,2023-12-07,
134,7 December 2023,"SDG Indicator Pulau Pinang, 2022",7452.0,2023-12-07,
134,7 December 2023,"SDG Indicator Sarawak, 2022",7455.0,2023-12-07,
177,7 December 2022,"Sustainable Development Goals (SDG) Indicators, Malaysia, 2021; Executive Summary",29.0,2022-12-07,
177,7 December 2022,"Sustainable Development Goals (SDG) Indicators, Malaysia, 2021; People",30.0,2022-12-07,
177,7 December 2022,"Sustainable Development Goals (SDG) Indicators, Malaysia, 2021; Prosperity",31.0,2022-12-07,
177,7 December 2022,"Sustainable Development Goals (SDG) Indicators, Malaysia, 2021; Planet",32.0,2022-12-07,
178,7 December 2022,"Sustainable Development Goals (SDG) Indicators, Malaysia, 2021; Peace and Partnership",33.0,2022-12-07,
7,7 July 2026,Bulletin of Holiday Homes Statistics: Economic Census 2026,20089.0,2026-07-07,
50,30 September 2025,Economic Census 2023: Research and Development Statistics,16335.0,2025-09-30,
66,19 June 2025,Economic Census 2023- Youth-Owned Statistics,14713.0,2025-06-19,
75,30 April 2025,ECONOMIC CENSUS 2023 – WOMEN-OWNED STATISTICS,14069.0,2025-04-30,
90,29 November 2024,PUBLICATION ECONOMIC CENSUS 2023 ICTEC,12453.0,2024-11-29,
94,29 October 2024,Economic Census 2023 Establishment Statistics,11712.0,2024-10-29,
100,19 September 2024,Economic Census 2023: Profile of Small and Medium Enterprises,11283.0,2024-09-19,
104,20 August 2024,Economic Census 2023 - Wholesale & Retail Trade,10793.0,2024-08-20,
104,20 August 2024,Publication Economic Census 2023 Personal Services and Other Activities,10783.0,2024-08-20,
104,15 August 2024,Publication Economic Census 2023 Professional Services,10696.0,2024-08-15,
104,15 August 2024,PUBLICATION ECONOMIC CENSUS 2023 TRANSPORTATION AND STORAGE SERVICES,10705.0,2024-08-15,
104,15 August 2024,Publication Economic Census 2023 Administrative and Support Services,10707.0,2024-08-15,
105,13 August 2024,"Publication Economic Census 2023, Private Education Services",10661.0,2024-08-13,
105,13 August 2024,Economic Census 2023 Real Estate Services,10645.0,2024-08-13,
106,7 August 2024,"Economic Census 2023 Electricity, gas, steam and air conditioning supply",10443.0,2024-08-07,
107,5 August 2024,"Economic Census 2023 : Arts, Entertainment and Recreation Services",10400.0,2024-08-05,
108,1 August 2024,Economic Census 2023: Information and Communication Services Sector,10330.0,2024-08-01,
110,29 July 2024,PUBLICATION OF MINING AND QUARRYING SECTOR ECONOMIC CENSUS 2023,10099.0,2024-07-29,
110,29 July 2024,Economic Census 2023 Construction-Publication,10124.0,2024-07-29,
110,29 July 2024,PUBLICATION ECONOMIC CENSUS 2023 AGRICULTURE,10165.0,2024-07-29,
110,29 July 2024,Economic Census 2023 Manufacturing-Publication,10114.0,2024-07-29,
